{
  "project_info": {
    "project_number": "150938903339",
    "firebase_url": "https://attendance-7ac8b.firebaseio.com",
    "project_id": "attendance-7ac8b",
    "storage_bucket": "attendance-7ac8b.appspot.com"
  },
  "client": [
    {
      "client_info": {
        "mobilesdk_app_id": "1:150938903339:android:a111ff2fae85ecc2",
        "android_client_info": {
          "package_name": "com.ramanic.attendance"
        }
      },
      "oauth_client": [
        {
          "client_id": "150938903339-98g174tve9pj1ip25c8faji77f1l5v53.apps.googleusercontent.com",
          "client_type": 1,
          "android_info": {
            "package_name": "com.ramanic.attendance",
            "certificate_hash": "4617ccc7dc8a50967580cd8e869fdd6b9e2c628e"
          }
        },
        {
          "client_id": "150938903339-s6upjh49te2ak1qk327d1ub0n38817nt.apps.googleusercontent.com",
          "client_type": 3
        }
      ],
      "api_key": [
        {
          "current_key": "AIzaSyD4-7Ymtdb5gRZB-Ys1fWn_hSu8DXR88eI"
        }
      ],
      "services": {
        "appinvite_service": {
          "other_platform_oauth_client": [
            {
              "client_id": "150938903339-s6upjh49te2ak1qk327d1ub0n38817nt.apps.googleusercontent.com",
              "client_type": 3
            }
          ]
        }
      }
    }
  ],
  "configuration_version": "1"
}